{"cameraMode":{"drawMode":0,"name":"Shaded","section":"Shading Mode"},"sceneLighting":false,"audioPlay":false,"sceneViewState":{"showFog":true,"showMaterialUpdate":false,"showSkybox":true,"showFlares":true,"showImageEffects":true,"showParticleSystems":true},"in2DMode":false,"pivot":{"x":-0.894287109375,"y":1.5386962890625,"z":-0.60888671875},"rotation":{"x":-0.005741276778280735,"y":0.8371249437332153,"z":-0.008790496736764908,"w":-0.5469110012054443},"size":1.8291271924972535,"orthographic":true}