{"cameraMode":{"drawMode":0,"name":"Shaded","section":"Shading Mode"},"sceneLighting":false,"audioPlay":false,"sceneViewState":{"showFog":true,"showMaterialUpdate":false,"showSkybox":true,"showFlares":true,"showImageEffects":true,"showParticleSystems":true},"in2DMode":false,"pivot":{"x":11.630859375,"y":2.8599395751953127,"z":-0.60076904296875},"rotation":{"x":0.002082783030346036,"y":0.7197163701057434,"z":-0.0021591326221823694,"w":0.6942617893218994},"size":7.281866550445557,"orthographic":true}