{"cameraMode":{"drawMode":0,"name":"Shaded","section":"Shading Mode"},"sceneLighting":false,"audioPlay":false,"sceneViewState":{"showFog":true,"showMaterialUpdate":false,"showSkybox":true,"showFlares":true,"showImageEffects":true,"showParticleSystems":true},"in2DMode":false,"pivot":{"x":382.78289794921877,"y":333.48333740234377,"z":43.60498046875},"rotation":{"x":0.17494943737983704,"y":-0.2761552929878235,"z":0.05119739845395088,"w":0.9436683058738709},"size":4646.32421875,"orthographic":false}