{"cameraMode":{"drawMode":0,"name":"Shaded","section":"Shading Mode"},"sceneLighting":false,"audioPlay":false,"sceneViewState":{"showFog":true,"showMaterialUpdate":false,"showSkybox":true,"showFlares":true,"showImageEffects":true,"showParticleSystems":true},"in2DMode":false,"pivot":{"x":0.37060546875,"y":1.539306640625,"z":1.4879150390625},"rotation":{"x":-0.019259674474596978,"y":0.9798439741134644,"z":-0.16013821959495545,"w":-0.11785853654146195},"size":3.8366475105285646,"orthographic":true}