{"cameraMode":{"drawMode":0,"name":"Shaded","section":"Shading Mode"},"sceneLighting":false,"audioPlay":false,"sceneViewState":{"showFog":true,"showMaterialUpdate":false,"showSkybox":true,"showFlares":true,"showImageEffects":true,"showParticleSystems":true},"in2DMode":false,"pivot":{"x":297.6494140625,"y":-420.3450927734375,"z":-354.6240234375},"rotation":{"x":0.17494943737983704,"y":-0.2761552929878235,"z":0.05119739845395088,"w":0.9436683058738709},"size":5498.8818359375,"orthographic":false}