{"cameraMode":{"drawMode":0,"name":"Shaded","section":"Shading Mode"},"sceneLighting":false,"audioPlay":false,"sceneViewState":{"showFog":true,"showMaterialUpdate":false,"showSkybox":true,"showFlares":true,"showImageEffects":true,"showParticleSystems":true},"in2DMode":false,"pivot":{"x":0.0,"y":-0.040654122829437259,"z":-0.01666104793548584},"rotation":{"x":-0.1666867733001709,"y":0.7929673194885254,"z":-0.24921122193336488,"w":-0.5303887128829956},"size":3.432307004928589,"orthographic":true}