{"cameraMode":{"drawMode":0,"name":"Shaded","section":"Shading Mode"},"sceneLighting":false,"audioPlay":false,"sceneViewState":{"showFog":true,"showMaterialUpdate":false,"showSkybox":true,"showFlares":true,"showImageEffects":true,"showParticleSystems":true},"in2DMode":false,"pivot":{"x":-0.41882094740867617,"y":1.7863757610321046,"z":0.5967906713485718},"rotation":{"x":-0.009729168377816677,"y":0.9887481331825256,"z":-0.07429520040750504,"w":-0.12947124242782594},"size":10.213231086730957,"orthographic":true}