{"cameraMode":{"drawMode":0,"name":"Shaded","section":"Shading Mode"},"sceneLighting":true,"audioPlay":false,"sceneViewState":{"showFog":true,"showMaterialUpdate":false,"showSkybox":true,"showFlares":true,"showImageEffects":true,"showParticleSystems":true},"in2DMode":false,"pivot":{"x":-0.11414682120084763,"y":3.9993741512298586,"z":10.511523246765137},"rotation":{"x":-0.2940804660320282,"y":-0.006907506845891476,"z":0.0021234839223325254,"w":-0.9557533860206604},"size":676.280517578125,"orthographic":true}