{"cameraMode":{"drawMode":0,"name":"Shaded","section":"Shading Mode"},"sceneLighting":false,"audioPlay":false,"sceneViewState":{"showFog":true,"showMaterialUpdate":false,"showSkybox":true,"showFlares":true,"showImageEffects":true,"showParticleSystems":true},"in2DMode":false,"pivot":{"x":0.37060546875,"y":1.539306640625,"z":1.4879150390625},"rotation":{"x":-0.2608987092971802,"y":0.5954135656356812,"z":-0.21296849846839906,"w":-0.7294237613677979},"size":3.881349563598633,"orthographic":true}