{"cameraMode":{"drawMode":0,"name":"Shaded","section":"Shading Mode"},"sceneLighting":true,"audioPlay":false,"sceneViewState":{"showFog":true,"showMaterialUpdate":false,"showSkybox":true,"showFlares":true,"showImageEffects":true,"showParticleSystems":true},"in2DMode":false,"pivot":{"x":0.2578125,"y":2.329345703125,"z":2.21337890625},"rotation":{"x":-0.015640048310160638,"y":0.9837547540664673,"z":-0.1426478922367096,"w":-0.10785898566246033},"size":30.692996978759767,"orthographic":true}