{"cameraMode":{"drawMode":0,"name":"Shaded","section":"Shading Mode"},"sceneLighting":true,"audioPlay":false,"sceneViewState":{"showFog":true,"showMaterialUpdate":false,"showSkybox":true,"showFlares":true,"showImageEffects":true,"showParticleSystems":true},"in2DMode":false,"pivot":{"x":0.41793593764305117,"y":1.444187879562378,"z":0.6510441303253174},"rotation":{"x":0.18418362736701966,"y":0.3442670404911041,"z":0.06906759738922119,"w":-0.9180338978767395},"size":22.39775848388672,"orthographic":true}