{"cameraMode":{"drawMode":0,"name":"Shaded","section":"Shading Mode"},"sceneLighting":true,"audioPlay":false,"sceneViewState":{"showFog":true,"showMaterialUpdate":false,"showSkybox":true,"showFlares":true,"showImageEffects":true,"showParticleSystems":true},"in2DMode":false,"pivot":{"x":0.38330078125,"y":1.89141845703125,"z":0.1568603515625},"rotation":{"x":0.013086454011499882,"y":0.9868631958961487,"z":-0.11899625509977341,"w":0.10848827660083771},"size":18.74925994873047,"orthographic":true}