{"cameraMode":{"drawMode":0,"name":"Shaded","section":"Shading Mode"},"sceneLighting":true,"audioPlay":false,"sceneViewState":{"showFog":true,"showMaterialUpdate":false,"showSkybox":true,"showFlares":true,"showImageEffects":true,"showParticleSystems":true},"in2DMode":false,"pivot":{"x":0.38330078125,"y":1.89141845703125,"z":0.1568603515625},"rotation":{"x":-0.029451848939061166,"y":0.7350645661354065,"z":-0.03199637681245804,"w":-0.6766010522842407},"size":14.51553726196289,"orthographic":true}