{"cameraMode":{"drawMode":0,"name":"Shaded","section":"Shading Mode"},"sceneLighting":false,"audioPlay":false,"sceneViewState":{"showFog":true,"showMaterialUpdate":false,"showSkybox":true,"showFlares":true,"showImageEffects":true,"showParticleSystems":true},"in2DMode":false,"pivot":{"x":-1.7794756889343262,"y":2.2419886589050295,"z":3.459390640258789},"rotation":{"x":-0.06843916326761246,"y":0.7077417969703674,"z":-0.06922570616006851,"w":-0.6997323632240295},"size":4.058195114135742,"orthographic":true}