{"cameraMode":{"drawMode":0,"name":"Shaded","section":"Shading Mode"},"sceneLighting":true,"audioPlay":false,"sceneViewState":{"showFog":true,"showMaterialUpdate":false,"showSkybox":true,"showFlares":true,"showImageEffects":true,"showParticleSystems":true},"in2DMode":false,"pivot":{"x":0.41793593764305117,"y":1.444187879562378,"z":0.6510441303253174},"rotation":{"x":-0.08967360109090805,"y":0.06744774430990219,"z":-0.006088613532483578,"w":-0.9936661720275879},"size":1.852809190750122,"orthographic":true}