{"cameraMode":{"drawMode":0,"name":"Shaded","section":"Shading Mode"},"sceneLighting":false,"audioPlay":false,"sceneViewState":{"showFog":true,"showMaterialUpdate":false,"showSkybox":true,"showFlares":true,"showImageEffects":true,"showParticleSystems":true},"in2DMode":false,"pivot":{"x":0.83966064453125,"y":2.8231201171875,"z":-5.74609375},"rotation":{"x":0.00449926033616066,"y":-0.017998721450567247,"z":0.00008100584818748757,"w":0.9998279213905335},"size":5.070347785949707,"orthographic":true}