{"cameraMode":{"drawMode":0,"name":"Shaded","section":"Shading Mode"},"sceneLighting":true,"audioPlay":false,"sceneViewState":{"showFog":true,"showMaterialUpdate":false,"showSkybox":true,"showFlares":true,"showImageEffects":true,"showParticleSystems":true},"in2DMode":false,"pivot":{"x":-0.118896484375,"y":12.009765625,"z":1.4765625},"rotation":{"x":0.23602691292762757,"y":-0.041950177401304248,"z":0.010196461342275143,"w":0.9707870483398438},"size":33.33820724487305,"orthographic":true}