{"cameraMode":{"drawMode":0,"name":"Shaded","section":"Shading Mode"},"sceneLighting":false,"audioPlay":false,"sceneViewState":{"showFog":true,"showMaterialUpdate":false,"showSkybox":true,"showFlares":true,"showImageEffects":true,"showParticleSystems":true},"in2DMode":false,"pivot":{"x":0.37060546875,"y":1.539306640625,"z":1.4879150390625},"rotation":{"x":-0.1339060217142105,"y":0.8596339821815491,"z":-0.28726136684417727,"w":-0.4007236659526825},"size":3.8366475105285646,"orthographic":true}