{"cameraMode":{"drawMode":0,"name":"Shaded","section":"Shading Mode"},"sceneLighting":false,"audioPlay":false,"sceneViewState":{"showFog":true,"showMaterialUpdate":false,"showSkybox":true,"showFlares":true,"showImageEffects":true,"showParticleSystems":true},"in2DMode":false,"pivot":{"x":-1.7794756889343262,"y":2.2419886589050295,"z":3.459390640258789},"rotation":{"x":-0.22296638786792756,"y":-0.03451100364327431,"z":0.007896789349615574,"w":-0.9741830825805664},"size":4.058195114135742,"orthographic":true}