{"cameraMode":{"drawMode":0,"name":"Shaded","section":"Shading Mode"},"sceneLighting":false,"audioPlay":false,"sceneViewState":{"showFog":true,"showMaterialUpdate":false,"showSkybox":true,"showFlares":true,"showImageEffects":true,"showParticleSystems":true},"in2DMode":false,"pivot":{"x":-4.695817947387695,"y":-1.555781364440918,"z":-1.8777098655700684},"rotation":{"x":-0.1377536505460739,"y":0.8622363805770874,"z":-0.3423919975757599,"w":-0.3469007611274719},"size":11.821871757507325,"orthographic":false}