{"cameraMode":{"drawMode":0,"name":"Shaded","section":"Shading Mode"},"sceneLighting":true,"audioPlay":false,"sceneViewState":{"showFog":true,"showMaterialUpdate":false,"showSkybox":true,"showFlares":true,"showImageEffects":true,"showParticleSystems":true},"in2DMode":false,"pivot":{"x":-0.7801644802093506,"y":6.309205055236816,"z":0.7779077887535095},"rotation":{"x":0.013266561552882195,"y":0.9225257039070129,"z":-0.03183994069695473,"w":0.38439127802848818},"size":66.29530334472656,"orthographic":true}